business_id,sector,pre_covid_revenue,post_covid_revenue,decline_percent
1,Services,516.4092191907339,193.0500794850531,62.61684100303587
2,Healthcare,608.8649935848038,462.58278805014993,24.02539266929942
3,Manufacturing,572.151384760507,500.90263865553794,12.45277875798423
4,Healthcare,533.5826036418697,302.1646297509022,43.370599474470644
5,Healthcare,381.4288316832032,321.51715500162703,15.707170435227086
6,Hospitality,570.7202535703993,556.5285284050208,2.4866342269431976
7,Manufacturing,782.3036744712551,346.27617713808814,55.736347861061766
8,Manufacturing,701.8130069232467,467.6395815335446,33.36692581636811
9,Manufacturing,738.9779939959095,370.2254407845677,49.90034293407971
10,Healthcare,423.31764853532223,361.9357823679674,14.50019066763124
11,Services,351.55927696121284,247.60859734910497,29.568464388318972
12,Manufacturing,481.1319619850528,358.06210711355277,25.579230771478738
13,Healthcare,508.3587368433042,436.446265057197,14.146008826887416
14,Hospitality,664.1287277706423,383.32137470203185,42.28206691362817
15,Services,246.1303055427771,231.5010703581636,5.943695211506971
16,Hospitality,729.432547919092,490.9957877005731,32.68797929277021
17,Services,476.2988152131516,195.55323104552116,58.94316240152564
18,Healthcare,435.967839507887,343.16309639681367,21.287061728183833
19,Retail,348.1843437109749,297.7961309988301,14.471705469322202
20,Services,251.7714992201346,131.35754339758307,47.82668260527314
21,Hospitality,623.4755875942872,561.1439149299384,9.99745201008731
22,Healthcare,510.99769507826056,477.4252887406919,6.569972166396363
23,Services,306.50586503884193,151.36275411746325,50.61668588355338
24,Retail,305.73818419045756,302.2115036833309,1.1534969099344694
25,Retail,449.6322951064808,179.17760164509647,60.150193036586906
26,Manufacturing,750.3532287934089,331.2141449748895,55.858903211825705
27,Manufacturing,461.06129729545927,197.77564954983,57.10426125333817
28,Hospitality,274.5285570322841,254.15656067280477,7.420720299449066
29,Services,463.1385403871084,351.0612304850895,24.199521337252676
30,Services,459.09146453784945,186.60828406425,59.3527001744409
31,Manufacturing,100.0,60.82263928578442,39.17736071421558
32,Services,491.85577002232816,359.40324974644614,26.929138245113855
33,Services,465.35982046869833,166.79652826498,64.15751405074317
34,Retail,604.4309547220128,554.6811240297491,8.230854211486308
35,Manufacturing,777.3434142418018,670.4761654283745,13.747752519092543
36,Healthcare,668.9847544321636,437.27836688069215,34.635525849635336
37,Manufacturing,459.66669641677544,449.08913630207707,2.301136931858078
38,Healthcare,334.02111368874944,197.88502539384478,40.756731450743025
39,Retail,886.0039704874791,876.1491461910696,1.1122776674451516
40,Hospitality,508.88276510217327,390.589912631413,23.24560008374611
41,Services,502.0893937869419,373.69001852552316,25.573010872224106
42,Retail,496.3812369334995,206.57819842151363,58.38315732929505
43,Services,529.7127141151782,485.93165678810095,8.26505691867492
44,Hospitality,478.3459382114086,286.6453505542848,40.07572184555695
45,Hospitality,413.95069896796457,171.19485189411688,58.64366159522645
46,Retail,417.9711588139412,129.0800534580089,69.11747360169686
47,Hospitality,495.08700946760024,342.5155400517933,30.817102145313225
48,Healthcare,418.48628432993524,280.0425410523721,33.08202645141265
49,Hospitality,393.07313259842533,315.8529470329965,19.6452464341589
50,Services,515.9645341537845,476.3284673675251,7.681936288753863
51,Services,461.7534173868717,164.19240849141863,64.44153907498794
52,Services,725.5989482874033,589.2208433330466,18.79524567617463
53,Services,102.35452874104823,44.13408147530066,56.88116391316924
54,Healthcare,663.7260277883693,597.8339209783036,9.927606278998532
55,Manufacturing,686.9127788746443,599.911469729472,12.665554029684078
56,Retail,188.99146513877758,128.24122240646668,32.14443715101189
57,Services,448.5968608879477,357.60794121786614,20.28300409636819
58,Hospitality,444.2838701006313,231.04764042648245,47.99549207713761
59,Services,288.8732457923268,181.93743393220925,37.018247074702984
60,Hospitality,383.3274968613687,335.46745978821747,12.485417160266984
61,Hospitality,333.4136231801257,207.21177832707693,37.85143619787503
62,Services,762.8405665135434,419.91229194695916,44.954121427219086
63,Healthcare,640.3517589721191,413.63439462348737,35.405128692479
64,Hospitality,690.7332642491237,607.6894960982366,12.022552329394703
65,Hospitality,608.2508096064853,325.19863922190524,46.53543668403891
66,Services,330.6422343174156,139.4097152702939,57.83668848049793
67,Hospitality,421.32196005803394,336.38758786160594,20.159018576845348
68,Hospitality,573.4061841841877,503.5565658730078,12.181525110434292
69,Services,316.6808286662082,117.31322066545964,62.95537650335267
70,Services,606.9497645258582,283.99900473490635,53.20881210708387
71,Retail,463.95119027627976,185.29300862773738,60.061960716730425
72,Healthcare,443.77687886756036,241.21891122276307,45.644101189248346
73,Healthcare,606.6439952305237,373.23510053856694,38.47543147662111
74,Hospitality,566.639496722906,467.0120541136934,17.582156412568548
75,Healthcare,445.85507512713804,336.97874130153275,24.419669058282807
76,Hospitality,673.8994705046372,495.08024414283346,26.535000276509823
77,Retail,337.84050086001537,184.68472017519335,45.3337537373242
78,Services,592.3903410416395,526.6428843708657,11.098671284066809
79,Services,588.9651886952576,370.98977144199665,37.00989828212848
80,Services,453.56803410290144,446.93390157205414,1.462654338939195
81,Healthcare,548.9199533363177,408.34127707421726,25.610050319298434
82,Retail,312.33296354220454,121.30553770927355,61.16146809048482
83,Healthcare,638.6040528810352,493.84802799032343,22.667570654719626
84,Healthcare,472.26467953355166,249.154004424111,47.24271891978107
85,Retail,421.59154692214406,329.02228525858453,21.95709623197318
86,Retail,657.3513838755334,229.25050874612694,65.1251196286316
87,Retail,394.3484464185861,166.57949006602823,57.75829939768285
88,Retail,288.73080554546607,259.57363733303555,10.098391876594954
89,Services,266.5056239714145,122.33292791009531,54.09743100835396
90,Manufacturing,590.9014927018459,523.4966430617739,11.407121232994216
91,Manufacturing,307.93559712555754,152.5800134804365,50.45067380819127
92,Retail,763.2191272976547,572.4275774346157,24.99826629589047
93,Manufacturing,187.7105888174417,147.52276566227914,21.409459854311848
94,Manufacturing,754.4684552435058,497.0878243480639,34.1141672798463
95,Retail,531.6526200803928,273.1192408671523,48.628252631228804
96,Manufacturing,485.49303321944114,217.91406426285428,55.11489365402328
97,Healthcare,418.2621369786575,135.19593634855318,67.67674518063016
98,Hospitality,559.8704171528107,287.0805440641609,48.723751913149336
99,Hospitality,494.35479463627274,374.33234841488485,24.2786046628102
100,Retail,665.4952823024782,636.7547857181474,4.318662708606217
101,Services,517.1341472993059,470.5109551306974,9.015686241586367
102,Retail,522.5452642192816,436.97604401039166,16.375465642528837
103,Services,445.4581681679216,379.49166690611173,14.808685972269092
104,Hospitality,491.4581564418399,376.2060252393292,23.451056756680327
105,Retail,546.1702653338089,263.36373904195165,51.779919970379794
106,Healthcare,243.47474110150614,227.6577749912242,6.496347850591927
107,Manufacturing,297.77218668414304,229.13945504238052,23.04873816659162
108,Services,611.4896141034072,423.33942184729165,30.769155831369204
109,Manufacturing,525.6298157191912,198.5265066903744,62.230737155056325
110,Manufacturing,472.40249954709816,289.55385929550926,38.706111933550226
111,Retail,502.76508995980896,312.84597433214765,37.77492101586517
112,Manufacturing,552.1372558042507,499.79162192232053,9.4805473334131
113,Healthcare,419.03604795359576,286.05653125192924,31.73462458685481
114,Manufacturing,383.2542911896531,217.02938729156241,43.37196157207133
115,Retail,529.3767882646522,520.7798309573766,1.6239770042538608
116,Healthcare,353.2440833577452,133.35120115618957,62.249558467157904
117,Hospitality,561.2379133571708,334.3765127458547,40.42161001816388
118,Manufacturing,244.61245936432394,80.5795692126622,67.05827273800162
119,Retail,654.3733455988465,535.2334781296944,18.206711546314878
120,Hospitality,570.8896223619564,538.151150037625,5.734641346059446
121,Hospitality,538.4044601470814,267.0626811104875,50.397386931465746
122,Services,647.403647591827,583.2065669854333,9.916082624061543
123,Healthcare,749.8211666693865,378.32434014171855,49.544723867667166
124,Manufacturing,652.1555097527196,611.4212982499339,6.246088684925937
125,Retail,223.86886530025322,185.31267667655763,17.22266674822512
126,Services,308.0634549896448,265.9926903297403,13.656525621099286
127,Healthcare,406.2772133456482,127.00412126560873,68.7395411079682
128,Services,503.91365753162506,490.79539923923915,2.6032750048181876
129,Healthcare,577.6488530703684,467.1271215113608,19.133030555077376
130,Healthcare,391.13842802698014,200.78143348027675,48.66742332297067
131,Manufacturing,528.0150146715617,464.9574896952399,11.942373459880718
132,Healthcare,386.6925601470016,192.21127510960537,50.293516110954904
133,Services,408.27232955120775,371.90656910845917,8.907231230371048
134,Healthcare,289.00083547276665,109.47532946266003,62.119372671164406
135,Manufacturing,361.51501308336435,286.52963566883307,20.741981577744287
136,Manufacturing,297.2473091575499,201.67900982106514,32.15110663485628
137,Services,353.61901205340007,129.98120040174715,63.24258708631915
138,Hospitality,658.046269491176,308.83801275642054,53.06743202188127
139,Hospitality,357.59016667520854,110.38194298245779,69.13171746058796
140,Healthcare,894.8573097256086,562.0935012404628,37.18624241748459
141,Retail,573.9976851321334,293.24719914051815,48.91143174679997
142,Healthcare,527.725418554231,379.3555432585334,28.114976099156884
143,Services,371.246332972818,188.61781218473803,49.19335346039679
144,Services,605.0464819113487,308.5394468660996,49.005662194511075
145,Services,413.65432606433393,339.2938550491428,17.976476088787756
146,Services,518.3014721968042,172.95719359335814,66.63000148151525
147,Services,884.0126807403192,823.9232418107761,6.797350336560901
148,Manufacturing,485.5910150413025,435.37348040644366,10.34152879261729
149,Hospitality,672.3909989428514,516.0354003201779,23.25367217415155
150,Services,394.5235362311169,282.18497099447353,28.47449009248311
151,Retail,494.75172642545573,457.45325894147464,7.538825130224351
152,Retail,765.6200953453265,329.0107854083965,57.026887432989994
153,Retail,405.9549413318349,144.22702752249185,64.472158646642
154,Retail,771.8672836995393,360.969230096405,53.23428810633233
155,Manufacturing,606.1627903183213,518.9994876757615,14.3795204909867
156,Retail,415.6299836158598,134.775996758798,67.57308132914616
157,Services,594.8611608583282,421.1407535892514,29.203521544155738
158,Healthcare,645.8831674440095,643.8203853983713,0.3193738666083144
159,Retail,593.2714943325794,533.3435184996575,10.101273431372238
160,Manufacturing,264.46629201643157,175.87325311344736,33.498801766948745
161,Manufacturing,390.9294236262697,134.69419987841604,65.54513634993504
162,Retail,462.8722046672743,408.2354454541676,11.803853993000327
163,Healthcare,488.8349856349931,351.6116509988313,28.07150442759527
164,Retail,593.1008146326017,225.64704231871735,61.95469020583032
165,Manufacturing,526.6551501399881,192.59784074325984,63.42999006236506
166,Hospitality,299.6983461934848,280.73906126491585,6.32612263943854
167,Services,557.0296776508944,428.0439880190724,23.15598159433452
168,Manufacturing,591.5878617925734,520.8935616321966,11.9499240478271
169,Retail,583.9685671896559,534.4978044483394,8.471476980241283
170,Services,662.1171088331932,463.64131230425085,29.975935356617445
171,Retail,625.0883231823357,413.9412676034637,33.77875537714712
172,Retail,568.8770118842655,342.0652848768209,39.87008127753069
173,Hospitality,489.4751432812029,255.43877651444336,47.813738854621654
174,Services,250.85585997260128,151.57141844306216,39.57828273989018
175,Services,564.4427328698879,475.10034331588264,15.828424098889046
176,Hospitality,531.1531530744667,383.1454157275018,27.8653598289408
177,Manufacturing,540.736825579306,500.0551950698391,7.52336970316079
178,Retail,308.48771362695356,188.29041492069103,38.96339899345686
179,Healthcare,337.84151893876066,244.9225014659935,27.503729489687224
180,Retail,657.9729279999356,488.160173823468,25.808471283560795
181,Retail,494.06672692150175,352.8565342930493,28.581198638557208
182,Manufacturing,602.2251046058936,476.86811962900924,20.81563588401386
183,Retail,504.24775641956916,235.08203253470967,53.37965721376358
184,Hospitality,504.4634209243618,332.2671750622433,34.13453557179466
185,Hospitality,640.7425708963997,238.96965894073358,62.70426380341567
186,Services,422.5932907673939,240.52232233095083,43.08420706486312
187,Healthcare,514.4181165411475,329.93077741984956,35.8633051965115
188,Retail,430.6587066942436,325.81785127159776,24.344301831816935
189,Retail,434.8255658851526,419.7683117480898,3.4628263189657544
190,Manufacturing,453.6241814797041,326.8161483364476,27.954425341615103
191,Hospitality,533.3200657450569,437.59750910755207,17.948425867640825
192,Healthcare,428.1877067504784,280.20014413974,34.56137583533581
193,Services,688.3634188360281,512.054838905952,25.612717803656814
194,Hospitality,365.80890466707444,127.90601680277501,65.03474487063586
195,Services,471.96925337579614,225.63627914524932,52.192589341070715
196,Manufacturing,434.04034125887375,240.15329041989833,44.670283475640296
197,Manufacturing,717.0466826530599,452.27385974404257,36.925465149544046
198,Retail,529.4832164767362,175.7641361607319,66.80458781483314
199,Healthcare,654.7766809202952,260.61216396746323,60.19831317126777
200,Services,277.1659440444542,136.8562324741288,50.622998454608606
201,Hospitality,540.0575398803888,529.2957504370935,1.9927116369264766
202,Manufacturing,633.4446193435156,336.95637095255825,46.80570950278645
203,Retail,512.3425983913136,326.58189728850385,36.257125932154224
204,Retail,659.8220562598027,288.5193341107642,56.273160108312496
205,Services,422.4067324849442,307.32034960850933,27.245395024696222
206,Manufacturing,711.402116027837,353.1956782244442,50.3521749138818
207,Healthcare,844.8347185428875,375.8625772847126,55.51051950931013
208,Manufacturing,445.57421593405115,294.7922755051817,33.839916008781465
209,Services,433.1746217898842,131.6218672652417,69.61459405877055
210,Services,718.0076715676552,219.25428543639867,69.46351771455423
211,Manufacturing,736.9358218596069,334.0885035733801,54.66518336286996
212,Services,421.5709959270098,137.30776173099048,67.42950462494251
213,Manufacturing,436.9719774356214,164.13455240821014,62.4381972108516
214,Hospitality,457.73230867092394,245.8949197389658,46.279754546287386
215,Manufacturing,298.33242334485846,257.1058585151055,13.819002429413088
216,Manufacturing,362.20220802737026,253.69875961740675,29.95659496414895
217,Services,349.37888498718985,230.1943604206566,34.11325918305086
218,Services,384.83036523438074,194.50949728948723,49.45578237543149
219,Retail,494.7972668919828,471.1596157218526,4.777239639702868
220,Retail,535.1322098804781,309.25853842527664,42.20894711339659
221,Hospitality,732.5750739221115,264.4339152280789,63.903506324296
222,Retail,350.24689388918137,256.36200958204927,26.805343871753912
223,Manufacturing,647.6483597714875,245.90358210134573,62.03131245663791
224,Services,467.90167336617367,253.44184235100096,45.834380003881556
225,Retail,492.5804435521351,322.7329715517275,34.48116428975338
226,Retail,601.2229238249905,548.2887128029175,8.804423272037704
227,Hospitality,331.59169676565523,214.03667263520325,35.4517393761917
228,Hospitality,557.3614619276076,441.1968193191026,20.841886377783496
229,Manufacturing,524.9678312319584,522.3281813155247,0.502821270065083
230,Services,573.8676896012223,224.98045709085366,60.795761607141294
231,Hospitality,543.3752965861727,267.5102158883702,50.768793213633636
232,Retail,868.2950209866342,500.31441558530776,42.37967470816476
233,Services,404.3390023623026,240.69481012377963,40.472027502281804
234,Services,420.35045674972736,247.04616473006357,41.228524731411795
235,Retail,406.52892103628534,380.23776142386987,6.4672298210411485
236,Hospitality,416.6784321259618,333.2689315860314,20.01771488732005
237,Retail,404.39193090402233,293.3999536041406,27.44663501365075
238,Services,678.3524796661328,350.41036911212825,48.34390974960525
239,Healthcare,713.0756371984783,625.1200883621487,12.33467310450937
240,Healthcare,414.38805593757854,401.3523848411834,3.1457641960507656
241,Manufacturing,375.1466640343657,328.1928565569373,12.516120221484142
242,Retail,570.7123334579607,171.83895742254106,69.8904426365969
243,Retail,417.1665433578543,310.98971485868617,25.45190408716152
244,Manufacturing,594.9397726633266,199.7776623461491,66.42052329905295
245,Manufacturing,530.438453127695,254.78287876614976,51.967494576639474
246,Manufacturing,272.6383827504152,93.15161745068824,65.83327097565599
247,Services,732.1257801995092,529.0756860098934,27.734318293542852
248,Retail,769.3816509643282,600.5892721141763,21.93870605551754
249,Services,408.0816964273421,155.1287256215285,61.985865335386634
250,Manufacturing,441.8447660096024,251.27147082795796,43.13127818685144
251,Retail,542.8798086087357,336.2410546460924,38.06344437311206
252,Services,550.1685184980538,307.1795035100195,44.16628847673585
253,Services,598.7816409009246,230.36177613666874,61.52824996603648
254,Manufacturing,801.5306808149525,475.5188594909066,40.67365468687672
255,Retail,473.4579158758926,390.99320983973445,17.417536653410732
256,Manufacturing,380.25541331923193,132.97735817391808,65.02946348267211
257,Retail,293.10211579782094,104.38128697981976,64.38739901426675
258,Healthcare,390.3604940087121,214.05023592145625,45.16600957148111
259,Hospitality,495.03095406893044,474.8376504664504,4.079200186675245
260,Hospitality,769.1836795276681,590.7337217648184,23.19991472939602
261,Hospitality,422.3583051445743,327.35681640030856,22.493103032920466
262,Manufacturing,533.5681927458347,295.24675462471447,44.66560064134946
263,Healthcare,497.53656558908716,356.0185355046836,28.44374461540231
264,Retail,678.2589910172126,208.28779396469062,69.29081711805796
265,Services,879.0398638810432,655.1196066000925,25.473276751332047
266,Retail,420.3696840619519,394.8536071459545,6.069913669663422
267,Services,426.5840836222667,310.8950892383118,27.11985721586266
268,Retail,656.6241315603609,598.5713455943516,8.84109845735585
269,Healthcare,602.2837234439467,485.91114829663087,19.321886117373445
270,Services,777.006098860405,298.67406702835524,61.56091085174168
271,Manufacturing,587.5892277988946,547.4670577065208,6.828268489991081
272,Retail,446.1061863819411,154.58056292445931,65.34893089509576
273,Retail,588.5982246038463,396.5840818176257,32.622276921656535
274,Services,666.3055370874362,266.1863879527151,60.05040133445796
275,Manufacturing,623.0723271796046,192.02754378792446,69.18053724883671
276,Manufacturing,576.0911046660947,343.018459586537,40.45760179106528
277,Healthcare,660.0012034383731,334.30941651204853,49.347150464209065
278,Manufacturing,675.3943385668509,432.3876890061718,35.97996543416779
279,Manufacturing,707.323848655629,497.98422632676164,29.596007928581447
280,Manufacturing,597.3064831384464,197.4798869611508,66.93826493837369
281,Hospitality,474.9322879524718,183.3724518509111,61.38976934133781
282,Healthcare,522.0070529649985,360.7328056121731,30.89503224847024
283,Retail,680.9763449762536,367.8750984079605,45.97828527791392
284,Services,377.4596493519146,305.90139305456347,18.957855871538648
285,Retail,555.3009963309352,420.1430405522972,24.339584598564223
286,Healthcare,440.9991781508959,393.33733382882133,10.807694590706515
287,Services,504.31172344022264,395.75609265335066,21.525502133154227
288,Healthcare,691.7677793910948,415.719060505511,39.904824582689635
289,Manufacturing,528.6648602029856,407.64112180549523,22.892336432389733
290,Services,506.9654822234223,249.81576952818207,50.72331780212072
291,Manufacturing,296.0215788530121,152.27925752852533,48.55805508552511
292,Retail,611.9380349040831,521.5484303025147,14.771038805544476
293,Retail,596.8226271711613,365.5500761708385,38.750633851889255
294,Services,824.488208495819,708.1250862053265,14.11337616371533
295,Services,453.83326475704985,397.419821022897,12.430433843220506
296,Healthcare,532.8725491495909,479.7417649918526,9.970636363710137
297,Healthcare,537.4075525566133,506.046954843388,5.835533491115495
298,Manufacturing,736.6179919645211,443.21542497997973,39.83103456406927
299,Services,485.70567014195717,254.12449621767882,47.67932271752029
300,Retail,541.8532288655509,383.3823581381133,29.24608773841204
301,Healthcare,591.1844764574809,330.957305315044,44.01793035936608
302,Healthcare,527.9913684734537,380.5507908600633,27.924808323983697
303,Retail,433.0349578174208,343.7908283318021,20.608989614932288
304,Healthcare,529.1134989347462,413.7051212934531,21.811648705550418
305,Manufacturing,661.0447624789658,371.63078570890866,43.78129790859151
306,Services,346.02270508834096,144.22300438087433,58.319785881087306
307,Retail,519.9454511220314,312.679875112211,39.86294630764547
308,Services,394.981877759124,157.92003527858637,60.01840991426639
309,Healthcare,679.2569943387264,627.0003440537535,7.693207537133434
310,Healthcare,271.5219642824338,147.19591856312454,45.78857774834999
311,Retail,416.16172290926175,169.84468103998975,59.18781769436734
312,Manufacturing,556.5817812596781,176.88916605409145,68.21865680659744
313,Hospitality,734.828604385151,552.6467152724548,24.79243295994612
314,Retail,490.1374608390518,365.5600175275584,25.416837778167984
315,Hospitality,416.72007099602024,224.37163603431335,46.15770833930959
316,Hospitality,782.1735604160885,273.9158685217175,64.98016778066443
317,Manufacturing,282.7979149375634,165.92891264345394,41.32597735733377
318,Hospitality,170.1791065069877,88.12763261955811,48.21477534556246
319,Hospitality,566.0021675079998,438.07687508049304,22.601555218549354
320,Manufacturing,424.6918663471083,307.49622393522196,27.595452538311683
321,Hospitality,346.815077430393,192.55714468194373,44.478439026172204
322,Hospitality,606.253467094903,274.34472165834734,54.74752120215069
323,Hospitality,536.5701070656798,532.0764270210979,0.83748236910856
324,Retail,415.38820538949074,256.6273046876487,38.21988651627196
325,Retail,307.95434019936584,240.7562287689577,21.820803495383412
326,Retail,630.8685992420217,251.3298974154353,60.161292269514746
327,Manufacturing,597.5301766937991,382.3672023348579,36.00872102384216
328,Healthcare,485.1236204330926,154.88818539647664,68.07242960913742
329,Hospitality,776.9955494071498,508.01412875118496,34.618141746268506
330,Hospitality,339.48728505107715,330.9363421143805,2.518781501760841
331,Manufacturing,271.1712243612892,154.2814306461169,43.10553009099398
332,Hospitality,396.2137895178133,129.67966739821702,67.27027911975618
333,Retail,493.16209754667534,158.63498521070247,67.83309463564595
334,Healthcare,536.5009173984038,306.6589520744719,42.84092680371914
335,Services,463.8145913215505,191.09970775131853,58.798254447576426
336,Hospitality,552.8083094771446,174.87895586889567,68.365353257027
337,Retail,312.2690863714334,258.98021994233306,17.065047023487633
338,Services,716.5646906109889,444.9623857815269,37.90338937826765
339,Healthcare,487.67732324111466,245.0438782823119,49.75286596191418
340,Services,667.5943747382191,620.9016412662571,6.99417718884636
341,Retail,551.4088019566557,210.25067202026116,61.87027278596321
342,Services,568.5129828730676,550.970480245663,3.08568197312766
343,Manufacturing,585.4650920348306,304.311114770093,48.02232978358531
344,Services,567.1562840025972,522.8514930373759,7.81174293839234
345,Hospitality,596.4084139801316,430.6426674712533,27.7939986464377
346,Hospitality,699.3728795198647,614.5355585478275,12.130484818095887
347,Manufacturing,529.4781754552205,523.5528986329839,1.11907857526749
348,Retail,606.3505636382769,304.31752893590135,49.811619352687806
349,Hospitality,486.53964585691597,473.3032568405825,2.720516021468495
350,Healthcare,716.0175823174209,410.0183940163334,42.73626735683058
351,Hospitality,398.54115469110957,227.11199817004828,43.01416666841544
352,Hospitality,770.1410649366223,414.54458035386733,46.17290270218461
353,Retail,493.97630740334847,335.402663695354,32.10146748566904
354,Services,285.3837346822928,116.40846207821579,59.20984697750591
355,Hospitality,519.2156622366184,357.01167156171255,31.24019602493921
356,Manufacturing,397.84225137876786,270.21181891996673,32.08066313129972
357,Services,626.0965323483086,521.7458177077525,16.66687311765911
358,Healthcare,402.10640310464134,355.283112281523,11.644502664369003
359,Retail,433.07248501778304,263.44186656440746,39.16910547813032
360,Healthcare,216.56889035817034,110.8038505387542,48.836672545395444
361,Services,432.1540521126385,208.09705434464973,51.84655718780339
362,Services,136.41810100565652,59.51058025129649,56.376331430658965
363,Services,262.4145764771415,89.31366905052427,65.96466924606827
364,Healthcare,614.0621984216446,331.4177106362984,46.02864148157006
365,Services,617.8700237976249,302.2455707169576,51.082661550845174
366,Healthcare,563.8186342677448,550.5644817225847,2.3507829893514987
367,Services,354.9535785306181,245.0585941180801,30.96038216249692
368,Manufacturing,492.843296578703,267.6602014929313,45.690607267864465
369,Services,499.45961913641474,352.7819745802622,29.367267930441287
370,Healthcare,326.2452966211186,129.66217736978095,60.256230905801324
371,Hospitality,725.5097452650725,443.16357073868835,38.9169375558458
372,Services,631.6043435863508,466.35392533458156,26.163597500525537
373,Hospitality,466.8553739255504,299.8278182286641,35.777151774528406
374,Manufacturing,504.0328758491796,292.9666697990771,41.87548395419732
375,Retail,531.2574211921328,528.9697588576066,0.4306127770211147
376,Manufacturing,193.73976973635638,177.50831644088083,8.377966649575107
377,Services,462.92339262191047,340.88945857888973,26.361582928839184
378,Hospitality,397.7023628003302,277.82061414714667,30.143584717240206
379,Hospitality,349.7569985157627,256.88334211928856,26.553766412279106
380,Healthcare,457.83495606710676,201.8678908485943,55.90815245242967
381,Hospitality,769.6529790274284,443.7791525689191,42.3403579714977
382,Healthcare,596.1264291900515,195.30393806484685,67.23783269763705
383,Retail,414.3231515325805,262.217758525035,36.711777375922146
384,Services,585.8874172034238,398.4721148420704,31.988279122963583
385,Healthcare,709.9033154879003,326.147199579184,54.057518472775335
386,Retail,638.6950524369154,622.6128342948284,2.5179806984140396
387,Hospitality,508.94455548802614,476.68674753640107,6.338177234393068
388,Hospitality,402.9594833441639,324.5839705451055,19.449973518086587
389,Retail,604.7334970420385,407.2097820147304,32.66293598642462
390,Hospitality,559.0228078132625,508.139663980014,9.102158824662057
391,Retail,634.2789830041598,248.2927199384671,60.85433593235759
392,Healthcare,595.2757702522954,507.98265975096456,14.664314400758064
393,Healthcare,657.4329072979003,254.6727896216309,61.26254302232063
394,Retail,419.7147182659148,359.25374861277083,14.405253621541641
395,Healthcare,697.6091098451489,343.94731042193797,50.69627022240502
396,Healthcare,529.6399407038599,484.0715245368293,8.603659328726772
397,Healthcare,811.2891308937899,779.5105021468694,3.917053432222157
398,Manufacturing,396.62182728656484,160.29755868080238,59.58428214164191
399,Services,760.3945704747874,474.38958373043977,37.61270764542246
400,Hospitality,529.6866175193971,522.6371055735692,1.3308835286120433
401,Manufacturing,402.2872994578328,256.8142602061805,36.16147948187973
402,Healthcare,427.41712489185176,386.59163696400947,9.551673423981843
403,Retail,451.94790377085195,321.83755524900664,28.78879345080761
404,Healthcare,563.6248919602874,317.1691627485414,43.72690644562787
405,Services,578.425323205325,289.24070879187036,49.99515111318908
406,Healthcare,413.94499940921315,183.06972744646214,55.77438362397389
407,Retail,496.34681116085255,413.58531547515315,16.674126603561206
408,Services,821.3405537917795,468.63914189342034,42.94216452238806
409,Healthcare,759.1314755151068,499.4271498651191,34.210717645947426
410,Services,565.4485504511048,364.5038754471003,35.53721639991726
411,Hospitality,505.70052172523003,356.0613709025292,29.59046795368081
412,Hospitality,518.0046990077392,469.2625298533786,9.40959980628136
413,Healthcare,592.0276959095625,584.0457064815569,1.348245949159938
414,Services,346.58111522023916,202.85702725364217,41.46910539983281
415,Retail,461.3935193864982,405.6863632966335,12.073675452558792
416,Healthcare,249.71238891836157,208.55216007390973,16.483054374169775
417,Hospitality,559.8834683907919,392.74160551167387,29.852973398109878
418,Hospitality,597.0793909554111,578.7090496493547,3.0766999471646903
419,Healthcare,427.5220306550939,188.2516995778374,55.96678391301181
420,Services,736.0980144935049,277.1298221329306,62.3515052783265
421,Hospitality,316.1351505496488,283.81772165588325,10.222662313120455
422,Services,280.343767968527,170.28217039901298,39.25951283563763
423,Hospitality,533.6677727839958,476.5003192646651,10.712180205505769
424,Hospitality,657.0647453918232,607.8920854196065,7.483685636320953
425,Manufacturing,752.5891537186803,258.68018138316165,65.627968446665
426,Hospitality,431.16736056965897,395.99502717999707,8.157466590975755
427,Retail,661.8021250146944,406.22958997405317,38.61766612414044
428,Healthcare,494.2237295748939,324.8546127607755,34.269725769703754
429,Healthcare,474.1059050088771,350.181618183205,26.13852422347529
430,Services,632.5489906230009,599.9523651593748,5.153217528893927
431,Hospitality,597.848431762013,187.3544984819782,68.66187338991651
432,Retail,263.5411764523626,167.02987497258047,36.6209572177528
433,Services,721.4810524588844,563.7692118180473,21.859457029860767
434,Manufacturing,707.0137031221177,569.7787166406762,19.410512961124017
435,Services,406.1655947735706,318.74767130075077,21.522729792402437
436,Services,559.3705300156114,220.45049371750028,60.58954094143147
437,Hospitality,574.1045279424109,292.55041243383835,49.04230881398232
438,Manufacturing,539.1010648735861,297.0990646793757,44.88991322080906
439,Services,417.454226923187,360.30726692502253,13.68939546243466
440,Retail,399.25649480929224,197.68463113039164,50.48680893098128
441,Retail,496.1668893512832,222.03144535039027,55.25065252929578
442,Healthcare,675.9093528889047,655.7764555476336,2.9786386673332728
443,Manufacturing,581.5400231891649,178.0700554780427,69.37957004205717
444,Manufacturing,444.40785018708414,443.7299499979505,0.15254010226153156
445,Healthcare,615.7548065972517,476.4556195643609,22.622509079982308
446,Services,100.0,87.99285096143818,12.00714903856182
447,Manufacturing,672.3148550558155,340.34835424253055,49.376642255766484
448,Retail,239.04293318328507,74.10825612899255,68.99793056330581
449,Retail,445.63385878953017,363.86390622468224,18.349133700692907
450,Hospitality,332.04951580607843,293.4989714242551,11.609878209952695
451,Manufacturing,305.79777864186417,250.24450299465346,18.16667076325367
452,Services,674.124018106778,269.6463721960976,60.00047988894131
453,Healthcare,429.8448198032163,355.6534085750459,17.26004544201216
454,Healthcare,551.9755822596073,462.6912949344617,16.17540525246515
455,Services,492.9619131681224,375.1333487028392,23.90216390309616
456,Hospitality,571.5561240834683,477.98161442810573,16.371884704308968
457,Healthcare,511.5232836590383,456.35294387678573,10.785499222558755
458,Manufacturing,307.55116637171454,224.3656126284635,27.04771200337792
459,Hospitality,649.440022917071,235.11242010484153,63.79767002212247
460,Manufacturing,425.9365125258031,273.1698958199144,35.86605332329525
461,Retail,266.51271520103734,94.43998907212966,64.56454657298765
462,Hospitality,435.78272585511314,255.0549668331313,41.47198782772985
463,Healthcare,725.1139685951466,424.1732119580485,41.502545761206065
464,Hospitality,627.533261317024,217.25633933575514,65.3793109101831
465,Hospitality,447.7021798388211,243.62805335312055,45.58256262213645
466,Hospitality,447.6113443522357,169.0622090600366,62.230133084607964
467,Hospitality,451.7547423173926,391.11328501590964,13.423535299354453
468,Manufacturing,811.5121975341261,781.7959340292819,3.661838182487039
469,Retail,557.2903178347331,195.39798538724887,64.93784673194429
470,Services,564.5062470786604,546.7698249607947,3.141935489580902
471,Hospitality,654.5425181047763,435.7967776941856,33.41963804642784
472,Healthcare,535.818373853977,273.1044682527893,49.03040254322884
473,Hospitality,461.14367812689454,163.15422550898975,64.61965473066856
474,Healthcare,470.5475226372533,306.06151317001223,34.95630123507076
475,Manufacturing,489.2598110878904,418.8851109691223,14.383911885647604
476,Healthcare,494.41666452352376,393.04173569097964,20.503946591331133
477,Services,609.1444315455469,204.15975610507977,66.48417919752184
478,Retail,507.7918828710949,178.25083703368688,64.89687152424676
479,Healthcare,609.8960115823369,354.9663692502113,41.798870215715404
480,Healthcare,487.89251298371266,247.21676873599094,49.32966541664398
481,Retail,511.7952785474136,236.79182310818956,53.73309738607666
482,Services,200.26989732018387,99.47468869612561,50.32968507639005
483,Hospitality,637.4491512053722,549.7603202675458,13.756207969218078
484,Healthcare,551.9732713846989,524.6283154533373,4.954036245770218
485,Retail,649.7015164789478,379.14753941867184,41.64281138307035
486,Manufacturing,100.0,93.42777014927479,6.572229850725207
487,Retail,813.2562057171092,426.9977236209824,47.49530091264826
488,Manufacturing,479.06155577672394,303.48831746821855,36.6494109559346
489,Services,666.2274225106274,305.2789283925178,54.17797015288003
490,Hospitality,344.01411093117036,257.4371906346375,25.166677047690932
491,Retail,591.9160857593854,583.2070945364572,1.4713219377633815
492,Healthcare,341.9876655239516,247.06733621017335,27.755483276963496
493,Services,406.43465589562925,223.73002767459874,44.953014112051584
494,Retail,787.104703080018,593.0615218575067,24.652778780663013
495,Healthcare,471.397639885498,181.98045437084488,61.39555250742288
496,Retail,532.6149309769585,491.10364558140935,7.793864381422109
497,Manufacturing,630.5101596033131,411.19272735103584,34.78412344541147
498,Retail,574.3522831958907,352.96522016453423,38.54551805722506
499,Retail,522.5628357715365,371.0746663945345,28.98946480825366
500,Retail,554.7441503699338,409.03988030054677,26.265129604741826
501,Services,860.5123377857412,301.38847810442553,64.9756935641441
502,Retail,491.3571804449622,382.19336533394284,22.216794514361837
503,Healthcare,530.1648570072451,248.83402939217723,53.064782377912934
504,Manufacturing,657.5981594011419,525.9252037454958,20.02331572453873
505,Manufacturing,665.8288899436976,583.1158673425374,12.422564393106224
506,Retail,678.0545458340571,585.0057682457824,13.722904471323588
507,Services,595.8095333043777,409.17260047037144,31.324932281447765
508,Services,328.5492630904275,218.1957832874953,33.58810753824741
509,Healthcare,745.0147298451644,298.0157059706043,59.99868270624118
510,Retail,328.04819104719684,276.4600887667686,15.725769471780499
511,Manufacturing,545.395319785855,267.2363800248881,51.00134336872999
512,Services,386.8586224970963,250.5632216995034,35.23132040274374
513,Retail,490.3792480110511,244.69525554648885,50.10081349507382
514,Services,549.314361545522,216.25399770815775,60.63201459002149
515,Services,548.203582317541,406.04912399340367,25.930961217578446
516,Manufacturing,563.2881131352927,190.40964650532396,66.19675756239674
517,Hospitality,742.056690358797,611.4930503896413,17.59483361116601
518,Healthcare,568.030145227097,296.68825497219535,47.76892433172184
519,Healthcare,463.37650470640267,139.05664091345957,69.99057148968603
520,Manufacturing,644.6130752432537,424.0202909760796,34.22096025339392
521,Services,678.420573338696,225.77588105332487,66.72036640306779
522,Retail,315.85882772945115,155.81906327034446,50.66813095253704
523,Services,589.6100104774787,468.6712930665107,20.51164587809987
524,Manufacturing,605.1759113466347,208.10954763188226,65.6117264864694
525,Healthcare,455.3654744960012,404.1536819329148,11.246305535079841
526,Services,706.3560219967429,213.79556436043924,69.73260541389918
527,Healthcare,477.491661945121,225.74693624259532,52.722329155866845
528,Retail,518.8364680207313,424.7365709515414,18.136716069355003
529,Healthcare,474.0392263574196,247.15888787556395,47.86108951894853
530,Healthcare,502.33685713722014,186.5300685322671,62.867532835379045
531,Hospitality,335.55873696571973,185.28336825313417,44.783625683970044
532,Hospitality,283.9923676108558,138.95045099375184,51.07246995308322
533,Hospitality,739.1757594837459,657.7912750589879,11.010166848761163
534,Healthcare,372.9557977522508,193.69218512955678,48.065645769039975
535,Manufacturing,351.2911475815539,299.38883963664796,14.774726975679503
536,Healthcare,176.9914829594428,163.59508635202246,7.568949863248559
537,Manufacturing,404.15573784657465,243.97758086372693,39.63278062964294
538,Manufacturing,301.53653098887526,282.5277285931377,6.303979930192563
539,Hospitality,746.3022740204553,421.0060073973292,43.5877362225765
540,Services,651.4725634013951,635.0912151379565,2.514510845692427
541,Retail,396.7774482233414,143.83288325303502,63.7497332832099
542,Hospitality,837.8653708016463,654.3003679741241,21.908651344773006
543,Hospitality,647.2648230487391,417.91936717535754,35.43301716801499
544,Services,451.27529247370666,257.8380173834681,42.8645836181047
545,Retail,125.08914276896405,92.92851340337145,25.710168487597944
546,Healthcare,843.6413858886112,668.7544963443233,20.73000358559683
547,Healthcare,291.56412998546057,88.35976003927719,69.69457112447837
548,Hospitality,253.19018795646622,105.54667513081094,58.31328378769609
549,Retail,653.385564801446,522.1414670066351,20.08677645559769
550,Hospitality,865.9628609508909,663.7343717519557,23.353021049525548
551,Manufacturing,707.6409227765778,690.8226004156608,2.37667464099261
552,Hospitality,584.5863680078539,486.80053280595587,16.7273546824452
553,Hospitality,589.2131512497929,568.9093936462139,3.4459104588063374
554,Healthcare,628.0123338170462,497.24657012402434,20.82216489256352
555,Healthcare,613.8392884680147,312.2210955146937,49.136345395238976
556,Healthcare,542.1787135954064,202.6422466814565,62.62445544244004
557,Manufacturing,515.6301655927814,436.88142736249046,15.272329565854514
558,Healthcare,490.6110308150716,368.40200872743895,24.90955449668589
559,Retail,386.9053116699986,129.12199040121345,66.62697913246927
560,Services,457.89873846998387,252.77627942610667,44.796467386931525
561,Retail,246.0564778706922,238.6156981989818,3.0240129160999722
562,Retail,485.2490559807875,315.548145291542,34.9719198002859
563,Healthcare,351.7113339273624,212.05041933931645,39.70896047862068
564,Services,334.46160241763437,207.49654108253748,37.96102763884944
565,Services,526.9841226730217,235.149752137895,55.378209319638536
566,Services,708.8003429516899,395.5779412959069,44.19049803946434
567,Manufacturing,637.747490900347,356.41748054536083,44.11307208089764
568,Healthcare,264.42490945652344,89.01825286782382,66.33514858687693
569,Services,351.55577951444934,294.3567190359066,16.27026600374572
570,Manufacturing,641.1156781982324,379.2539683923071,40.84468976672848
571,Hospitality,352.62689096925357,308.73398340464576,12.447407922850372
572,Hospitality,466.30502750044633,417.4565918831475,10.475639921607339
573,Manufacturing,582.5078148536828,261.194079951246,55.16041617109394
574,Manufacturing,354.7483317704547,269.6610353594831,23.985256248091005
575,Healthcare,515.806325921894,325.26605732011797,36.94027370859127
576,Healthcare,299.8961757622693,274.7378005705139,8.38902834549604
577,Hospitality,409.79485340731793,184.82505002017254,54.89815245764821
578,Services,547.9672901213805,424.38381084409093,22.553075978296906
579,Hospitality,261.0509399702496,189.37326593916595,27.45735144230943
580,Services,566.0712106940598,286.8345286584004,49.32889656997171
581,Services,497.05433016099784,196.64494851290377,60.43793674441791
582,Healthcare,582.8734931625721,440.73852837988,24.38521676659065
583,Retail,533.5871201096992,435.9503994565319,18.29817793073685
584,Retail,704.6210644960767,367.06469181144354,47.9060859365655
585,Manufacturing,518.7836753971861,389.8051424505998,24.86171771843804
586,Healthcare,435.5891688312121,251.1570711875756,42.34083646719478
587,Services,518.3446254548426,414.2842559873136,20.075518170216768
588,Retail,581.4947043554582,255.53825047096356,56.05493075741629
589,Services,507.32901054885565,468.3410306888668,7.6849498154677915
590,Retail,506.0887536805824,253.64496123394778,49.88132824740942
591,Retail,394.7012468289867,220.02628560220484,44.254980857069285
592,Retail,400.56486236735776,136.45817506300884,65.93356335437552
593,Healthcare,289.60920923004596,109.48923730991427,62.19414513751066
594,Hospitality,762.436511478041,504.0493180993007,33.88966681013703
595,Services,313.42051469130723,152.73447853478595,51.26851262904199
596,Healthcare,396.0642203306139,350.45194304634344,11.516384198046396
597,Healthcare,392.2389101646204,121.70599617623712,68.97146279415323
598,Healthcare,634.2386565416662,358.5768670553407,43.46341659296447
599,Healthcare,455.75754825619583,244.350709994298,46.38581172616352
600,Healthcare,687.16131090106,215.4452334088834,68.64706583576793
601,Manufacturing,398.97640636341976,154.42696173790276,61.294212069964296
602,Services,541.8491243335703,319.4470821342318,41.045012755695545
603,Healthcare,374.6979420110364,241.68212444111893,35.49947908867874
604,Services,821.7723691660083,479.0956111516148,41.69971769215917
605,Manufacturing,321.8602371455731,216.1794801019375,32.83436251115344
606,Manufacturing,546.4731065340541,391.59835058798194,28.3407827566023
607,Services,595.0665321398147,182.6536933188263,69.30533252105151
608,Retail,562.0698646177248,351.21869179595797,37.51333883825475
609,Hospitality,472.20685116834375,460.14171520033545,2.5550531378688146
610,Retail,480.5268950399861,318.74434750931925,33.667740390931584
611,Retail,506.57172079686643,392.22814287656473,22.572041277873282
612,Retail,477.9496997557267,247.72357600594387,48.16952994581818
613,Healthcare,644.5818675192364,542.6051258372175,15.820603529306625
614,Manufacturing,831.5784502387028,699.3949287099298,15.895496268671943
615,Retail,416.376232248825,276.8515686205515,33.50927666421027
616,Manufacturing,294.52955306313834,289.58430652665163,1.6790323704550605
617,Services,486.75769274731175,188.80608082745255,61.21148496661427
618,Hospitality,886.9564006481478,276.60920808934196,68.81366345772932
619,Services,379.44881480454035,318.3995789056121,16.088925177003286
620,Services,745.8675208166101,645.1820259424036,13.499112384458217
621,Healthcare,751.6551221114661,288.7446022717552,61.58549396155967
622,Hospitality,416.9617637438008,202.60504963848717,51.409201692897575
623,Services,585.3474618777913,182.79620050596642,68.77133456433597
624,Services,744.2594934692806,376.0862507035892,49.46839724536047
625,Hospitality,443.13083885187694,372.76135665432815,15.880068825693
626,Hospitality,469.4629459846457,311.0531764659901,33.742763060119465
627,Services,412.74786290770345,224.39735738977123,45.63330847821984
628,Hospitality,347.78649039607,194.8360804212686,43.97824935655687
629,Services,402.6083682400989,121.1639972003884,69.90524619991723
630,Services,316.4089599856615,161.3243891867467,49.01396307043348
631,Healthcare,505.1125202388839,380.10783902509996,24.747888085344872
632,Retail,384.50401534120374,377.5583773616971,1.806388932855005
633,Services,535.0678867686122,477.78489869170727,10.705742111127051
634,Manufacturing,266.6156530694559,84.38824675651969,68.34835247481297
635,Retail,549.6320348321685,510.6039959468695,7.100757672761262
636,Retail,625.0293442413387,530.1741967448295,15.176111069096198
637,Retail,200.93965361428167,170.04785165573054,15.373671350031387
638,Healthcare,556.1084854771358,345.1192751692399,37.94029686974999
639,Services,684.1503488709939,395.8519266804258,42.13962949318481
640,Healthcare,318.5538471963192,163.1126337161591,48.79589898167652
641,Services,750.8858580256555,259.796295781373,65.4013598731944
642,Healthcare,562.8528514049068,258.7799030151768,54.02352455544106
643,Healthcare,394.24822163623867,186.33059766825443,52.73774555153828
644,Manufacturing,491.6346383513441,314.08273007621057,36.114605120285894
645,Healthcare,583.7490368782584,480.54867779308046,17.678891538231436
646,Hospitality,511.4008087118617,323.0349532063953,36.83331201214374
647,Manufacturing,580.8133988669554,197.76180156238178,65.95088853869876
648,Healthcare,361.8989610380951,351.20588202078886,2.9547139308257417
649,Retail,525.4041236054117,504.33910835422887,4.009297663412137
650,Hospitality,287.94282546425296,244.64563454467296,15.036731979611414
651,Hospitality,483.3160907976949,480.3821354971993,0.6070468905045706
652,Hospitality,364.41385378028156,248.21598978179958,31.886236703981602
653,Manufacturing,389.670508611535,379.5148554862392,2.606215482275581
654,Healthcare,685.4139762815656,241.89871894570916,64.70764715682745
655,Healthcare,663.6965180891403,368.9996829740546,44.40234762170401
656,Retail,591.3707181360766,270.70993306172943,54.223311239526396
657,Retail,336.1530852991132,146.9268523944969,56.2916841106011
658,Hospitality,452.5387325457797,180.36477138515377,60.14379357751268
659,Retail,681.9646549968775,501.7142695341968,26.431045090380234
660,Manufacturing,521.2575370459857,441.46619543072313,15.307470097688647
661,Healthcare,847.8994309972541,597.6070479697788,29.51911204057475
662,Hospitality,558.9976759091558,225.20557194633173,59.71261032882532
663,Retail,528.8073674735048,458.8919680736439,13.22133610465703
664,Manufacturing,453.6325303696248,338.0325792186966,25.48317049853901
665,Manufacturing,520.0311357173423,297.3101178178246,42.828400571110315
666,Retail,477.12952454291843,368.29208453524467,22.8108793124756
667,Healthcare,606.2163015032886,292.15593513220193,51.806651453001706
668,Retail,643.5053475191876,348.5447267173442,45.836545405405275
669,Hospitality,382.10158092380755,360.0314280723044,5.775990980760699
670,Retail,300.31505696633326,151.16453110868233,49.66468460300058
671,Manufacturing,224.56919403450553,141.25217882048224,37.100821228944454
672,Retail,576.1986990368815,531.8883254398199,7.690120382278988
673,Healthcare,334.49500907391894,266.0589843578556,20.459505481273084
674,Services,177.0664110571276,60.829794726349384,65.64577416847082
675,Retail,558.2867906796446,225.0521778973869,59.68878690047208
676,Healthcare,873.9499276149186,266.98218866572734,69.45108864596583
677,Healthcare,499.089363269016,370.1472571713194,25.835474683958566
678,Manufacturing,625.7736161677462,383.83163764721934,38.66286022127072
679,Healthcare,512.2744037821348,201.83221956686916,60.600760436840716
680,Healthcare,485.1665520213286,470.88028181008525,2.944611526026075
681,Healthcare,637.8614724481653,427.85311372315886,32.923819323806605
682,Healthcare,456.4588183717023,214.22767455347633,53.06746941209776
683,Hospitality,540.1088471107854,351.2989465063734,34.957750019170476
684,Hospitality,548.2546709294021,425.29991659525274,22.426576708542452
685,Manufacturing,399.78643195354266,141.2715130360686,64.6632547418505
686,Retail,648.8063524304785,319.4026118971152,50.77073294664757
687,Healthcare,473.7560364956887,409.74015173370566,13.512415638120444
688,Retail,386.6382260760733,240.39827488020313,37.823459071813716
689,Retail,580.4764765355606,396.23556445391637,31.73960005773936
690,Manufacturing,365.2298027313444,220.22305299355682,39.70287984533716
691,Healthcare,504.2271736053692,166.76303288183496,66.92700401498963
692,Healthcare,498.6321505033695,207.4433635610399,58.39751541258907
693,Services,662.8843348747367,405.60510146191405,38.812085288067635
694,Retail,571.2047349319929,255.00283030357056,55.35701742144504
695,Retail,496.24595618822843,166.23511046307533,66.50146799382249
696,Hospitality,622.6649448800431,554.5172335594399,10.944523516372344
697,Services,708.5311323525971,699.2031573269708,1.3165229585119036
698,Hospitality,583.6715459527793,499.15591298480894,14.479998820228237
699,Hospitality,501.5528929765071,450.21867611543956,10.235055480673312
700,Hospitality,303.224565147476,142.32875662545695,53.061600877806825
701,Manufacturing,340.2329505386941,330.85575033375073,2.756111714076012
702,Manufacturing,454.2162943467998,198.87769292096849,56.21520068826001
703,Hospitality,408.5731696761075,394.68203624354237,3.399913274671757
704,Services,471.9543045521831,470.2427649928108,0.3626494223834422
705,Retail,508.49748873456605,405.8857281982594,20.17940359777659
706,Services,579.4539131535096,571.8054762730188,1.3199387745724855
707,Healthcare,489.4251832911363,341.95053269169705,30.132215430302743
708,Manufacturing,572.9752465739302,275.9902860202696,51.83207517767367
709,Retail,509.67116222151805,308.8082893197085,39.41028800340653
710,Retail,203.68001504691932,145.73155468852602,28.450734523484993
711,Healthcare,359.0996909271869,126.10040371362005,64.88429065810895
712,Healthcare,478.3868666417577,351.92065102761995,26.435971476792773
713,Hospitality,318.5457885738339,314.34878399197964,1.317551426639386
714,Manufacturing,589.9893094994306,255.5098295683519,56.69246451513907
715,Manufacturing,729.6126248515546,623.6849697232497,14.518341859813185
716,Services,682.8142777545975,638.7926647306099,6.447084435426655
717,Hospitality,467.9835693604688,449.5408586815573,3.9408885025845386
718,Hospitality,723.6089205274928,703.4165579429341,2.7905076916187004
719,Hospitality,522.3001185803167,347.3409373714468,33.49782528949696
720,Hospitality,449.4371043322941,442.29803664581567,1.5884464405947474
721,Manufacturing,407.98960046885907,338.67916232849575,16.988285500589278
722,Manufacturing,454.62954702678076,187.83929238453956,58.68299946341266
723,Hospitality,441.7734772188157,280.0093159899096,36.61699254724211
724,Services,525.5624333563231,421.9382463458496,19.71681772395972
725,Retail,524.0860971574797,247.9651636983692,52.686177892664155
726,Retail,500.45690302301216,374.55727445877983,25.156937151577903
727,Services,565.5407254619524,433.55502059790274,23.33796646673666
728,Hospitality,678.5969412179512,280.8643663051913,58.61101793340039
729,Manufacturing,642.4331203161986,446.85060046157434,30.44402812830706
730,Retail,277.26530473251444,232.94135084835906,15.986116231497455
731,Healthcare,116.9118297647068,75.90231243121545,35.077303482484076
732,Healthcare,640.147986685891,197.46784609156188,69.15278182567248
733,Services,294.9681952376868,90.35670120972736,69.36730716444954
734,Hospitality,466.2851897160975,256.4198036859189,45.00794592209915
735,Retail,324.48304609109607,307.71890464470357,5.166415209775274
736,Hospitality,229.70293436299704,105.68028941583961,53.992625427747384
737,Retail,581.2194092307182,432.45896470761016,25.59454177898191
738,Services,613.873274045397,279.59049149391274,54.45468905146756
739,Services,413.5234398909921,217.1696884108991,47.4831007238316
740,Healthcare,111.34365617826353,99.49997164797772,10.637053727896115
741,Hospitality,418.0633327621276,338.7161704026678,18.97969904110372
742,Healthcare,558.770600810382,204.94559829393987,63.322050588075264
743,Hospitality,278.1632646838807,166.92338701907892,39.99085853094966
744,Healthcare,527.5039879668733,169.02221304571168,67.95811654483148
745,Manufacturing,497.70352262405066,316.8495607588748,36.33768973778937
746,Manufacturing,586.8937249401632,448.2129727400558,23.62961918092524
747,Manufacturing,517.937055262123,198.34494651372054,61.7048163481294
748,Manufacturing,354.03965886776666,177.8056053167356,49.77805427635841
749,Retail,679.4857252496737,393.0727331820532,42.15143621484903
750,Manufacturing,476.2205640459545,449.39587746740733,5.632828274076516
751,Services,495.90431907351024,493.5629121848247,0.4721489203925341
752,Services,360.0098061390206,119.32089747311045,66.85620907030689
753,Retail,433.5076623212735,360.98423484209974,16.729445355322568
754,Manufacturing,367.27959289596487,205.75254251330915,43.979315351835965
755,Manufacturing,474.05809101148657,272.4510122994904,42.5279269639364
756,Manufacturing,756.7562720213515,626.5832061488693,17.20145186570841
757,Healthcare,294.21482856029655,277.4147212633233,5.710149749821401
758,Hospitality,257.96579031848887,249.10466958765645,3.434998384821622
759,Healthcare,720.6755491240413,507.34536036074985,29.60141897731755
760,Hospitality,468.6014484272201,257.72367928672253,45.001518848964814
761,Manufacturing,399.6390892010125,340.2065063218885,14.87156398988545
762,Manufacturing,655.9857031094115,312.0530341493519,52.42990317163898
763,Healthcare,409.15766903947036,284.3039510740987,30.514817981653763
764,Healthcare,773.9014570320404,426.4235127936969,44.899507693258876
765,Hospitality,601.6888807008904,457.06799525116816,24.035824840448683
766,Services,426.8132887781446,199.86780207498126,53.17207609745452
767,Hospitality,823.5962319898256,357.5355293250712,56.5884937985622
768,Healthcare,409.14276154949926,385.7264414444046,5.723263932719407
769,Healthcare,611.314305801396,226.9581251796439,62.87374219353242
770,Retail,544.8938870609738,356.4535258427393,34.58294645855479
771,Healthcare,695.2611934098197,316.06361663846496,54.54030519258938
772,Retail,734.2266795090279,240.27639624691747,67.27490256720328
773,Services,504.800622359865,164.16781203108474,67.47868271960016
774,Hospitality,386.98731944807247,163.56221856174434,57.73447595259209
775,Hospitality,568.9958214408674,515.9308433361736,9.32607518458
776,Retail,398.3426945371841,198.26914917885694,50.22648792160814
777,Hospitality,802.0080871289935,774.1955850398098,3.467858059729312
778,Healthcare,520.4802996624106,368.05015164047086,29.286439490756454
779,Manufacturing,445.2017673031837,269.6275164312467,39.43700671618638
780,Retail,527.7020458797363,372.5904591568651,29.393781573138188
781,Hospitality,297.93105657054554,197.13766405829332,33.83111303416127
782,Retail,354.2578942234023,294.43910275697505,16.885662236987237
783,Retail,680.0620861916639,338.4990306340042,50.225275381900346
784,Manufacturing,401.46585815429063,219.65613235115381,45.286472587978835
785,Healthcare,342.96335259770905,317.53811145403256,7.4133988226724385
786,Retail,580.497912879093,558.7405952239718,3.7480440794716157
787,Hospitality,677.8556231994496,626.874616434083,7.5209240759467955
788,Services,607.84299659976,360.823866875268,40.63864042298806
789,Retail,649.4071528708724,549.5646035157034,15.374414789518282
790,Retail,386.48073671458087,244.8104306051564,36.656498668923085
791,Manufacturing,286.7283999887234,185.87968401215156,35.17221034977285
792,Healthcare,725.200047793323,321.4638317474763,55.672392365990135
793,Services,451.5980241736796,322.34670113861773,28.62087877190385
794,Hospitality,462.3750475317429,198.95773045927038,56.97048715726565
795,Services,699.2291212773587,372.0565216059496,46.79047106529644
796,Hospitality,583.434501410099,524.228233983922,10.147885886604534
797,Healthcare,568.3831658122411,252.9038325453506,55.50469335524013
798,Hospitality,824.7503517351627,288.5065800285106,65.0189200378597
799,Manufacturing,403.47226544297854,140.53153443987497,65.16946851710286
800,Manufacturing,639.1760192121856,612.6816390897906,4.145083564782447
801,Manufacturing,508.55196873456265,333.02236132246315,34.51556934267159
802,Manufacturing,540.2888418294885,316.9271944279663,41.34115497280872
803,Services,729.2702639618798,632.7258249574393,13.238499329445721
804,Healthcare,576.1753634434435,509.9602244855395,11.492185046263884
805,Hospitality,580.7444118574449,309.2659838629606,46.74662768190769
806,Hospitality,660.8761005964703,519.1397481675473,21.446735976834333
807,Manufacturing,445.2570905685672,373.9206581906465,16.021402890367956
808,Manufacturing,374.11854989914906,283.67744093228566,24.174451919383188
809,Retail,343.2786208968449,139.411130017546,59.388344763993054
810,Healthcare,205.04651159359975,187.23169306539262,8.688184153806006
811,Services,808.4310694910483,547.6038709249334,32.263381308479396
812,Hospitality,334.51874514174756,166.50024866703106,50.22693015409975
813,Retail,466.8119564621342,278.99470776954945,40.23402701936142
814,Retail,458.4780050166619,149.60126450567276,67.37002367207648
815,Hospitality,546.1110046713651,212.71392849719123,61.049323914430786
816,Services,622.3605818808945,520.2204593399238,16.41172746388974
817,Retail,629.0710232539618,188.72643033741298,69.99918556712437
818,Retail,412.53838421465923,244.05609092518577,40.84039200623955
819,Healthcare,474.9317429320383,316.1891925815109,33.42428732400881
820,Services,542.3869925732449,183.4591969006911,66.17559059993195
821,Retail,462.69633107246796,453.97668641956517,1.8845285919367076
822,Services,741.1018364029989,339.63787969335743,54.17122681252297
823,Hospitality,573.6462427457377,294.2455896209129,48.70608962546035
824,Manufacturing,610.2316679074726,312.90224271320267,48.724024142148096
825,Retail,599.4321903001119,276.51307220828426,53.87083365178551
826,Healthcare,676.0210786227988,203.50375794438006,69.89683245395821
827,Hospitality,527.153233805556,427.2794968755811,18.945864413840248
828,Services,305.475207806623,298.38569331964635,2.3208150140500403
829,Hospitality,559.9531927628963,255.9016542858295,54.29945617004683
830,Retail,402.2964659312256,307.4080191850659,23.58669657376044
831,Services,420.70749773753647,344.6971924280901,18.067257112889948
832,Manufacturing,587.954602813264,525.571305589883,10.610223463663262
833,Hospitality,685.7424607150454,408.59308808560877,40.41595620904737
834,Retail,503.19073651040924,257.6596388178038,48.79483660516995
835,Healthcare,546.3249518898446,288.29927947854645,47.22934061838783
836,Services,755.3322416952857,603.3857808150135,20.116506683104106
837,Hospitality,536.1129769232853,467.35414297169007,12.825437344605481
838,Hospitality,890.2524671270592,380.25333814015255,57.28702225703781
839,Manufacturing,584.8264468447317,327.3032123063554,44.03412942895643
840,Manufacturing,235.88558612662735,219.69396021092535,6.8641862275595145
841,Healthcare,613.0012431656799,530.053264248305,13.531453621368259
842,Healthcare,557.1737577324167,551.2682072907851,1.0599118066267108
843,Retail,693.4629131124118,574.1691106920953,17.202621822254358
844,Retail,600.9772026904938,345.70410722470905,42.476335928045444
845,Healthcare,479.2316024024339,341.90610165805725,28.655351620375363
846,Healthcare,316.3552645565951,241.2873168616425,23.729002202687592
847,Services,468.6465114070962,166.3315846537601,64.50809285780133
848,Manufacturing,372.421931868605,253.67440614481103,31.88521286272945
849,Retail,412.9214825292916,328.9021104160582,20.347542006917337
850,Manufacturing,588.2867606630914,245.38906374342312,58.28750871992578
851,Manufacturing,750.4856756527109,635.242748017452,15.355779780211012
852,Healthcare,559.2007294734472,396.27253413919783,29.135905364012178
853,Services,320.6175406947224,309.8945671968265,3.344475001168399
854,Hospitality,566.6904002330211,186.83533647467397,67.03043912551759
855,Services,679.4947229968477,330.0498141385072,51.42717037111731
856,Services,408.53256435209266,294.58781354004225,27.891228449012317
857,Manufacturing,479.89742499906237,243.59206425762056,49.240806145584855
858,Services,502.2032292093796,401.8112543180665,19.990308515013037
859,Retail,382.265253037664,317.7785183774179,16.869630223464835
860,Manufacturing,597.2420650765789,222.03141178063794,62.823882515346796
861,Retail,481.85777770883277,317.88067244455505,34.030187505526264
862,Hospitality,562.9298665860541,369.4077447718595,34.377661108626086
863,Manufacturing,366.876173329685,204.89907310154697,44.15034608491213
864,Hospitality,434.3812549514884,413.98592729036784,4.695259620122954
865,Manufacturing,608.3572036741657,534.9007626487904,12.074557608874528
866,Healthcare,444.07502718623493,349.9518008140845,21.195343266325423
867,Services,759.0445776850108,607.2574049909413,19.997135498550175
868,Healthcare,440.0545721578096,274.24258173416797,37.67986993308166
869,Hospitality,533.7027088627829,504.1869021887516,5.530383523239691
870,Services,639.8886247809635,503.0911863412644,21.378320092270027
871,Manufacturing,287.2451400600453,232.75092902752542,18.971325684092857
872,Services,235.87867820288363,213.04176144423008,9.681636734885847
873,Retail,271.1515528144858,133.36592176707416,50.81498874604663
874,Services,689.3876155140773,596.2855648314435,13.505036729330785
875,Retail,417.221278116133,182.18735716881034,56.333157793045565
876,Services,883.7298928502378,478.7512723729179,45.82606334285786
877,Retail,415.3628602013917,222.18894079972463,46.50726820111102
878,Hospitality,527.6826954795555,519.75047837235,1.5032172127601633
879,Healthcare,731.3164928851813,657.8748068134149,10.042394337645131
880,Manufacturing,800.9139332238684,633.3778781601637,20.91810968868182
881,Services,809.2255364954597,654.6146895352438,19.106026686922696
882,Healthcare,681.2549345889713,472.4168857261661,30.654904391820033
883,Manufacturing,653.6093788717194,629.4019535263168,3.7036533024036795
884,Manufacturing,588.8790423801775,381.22917813315553,35.261887298234704
885,Retail,616.7541614249957,349.30636516821534,43.36376030910738
886,Hospitality,417.32214255072,172.82342204905504,58.58752641478864
887,Hospitality,377.2701674866539,320.80940692123454,14.965604341725932
888,Healthcare,499.4938313883572,406.6432989171644,18.58892475470861
889,Hospitality,474.4723066212607,269.997767169413,43.09514730331057
890,Services,432.01579260090875,137.2235046702161,68.23646102285394
891,Hospitality,604.4581171185073,536.3345566214737,11.270187059739266
892,Healthcare,643.2957812855766,198.13033279642883,69.20074115821485
893,Hospitality,513.2610329437771,406.8054829254336,20.74101542596644
894,Services,721.6295121582893,706.6051689792952,2.082002319176018
895,Retail,328.74663287997424,199.33977144334182,39.363707029625765
896,Healthcare,470.9510811080423,218.74800971254996,53.55186165028331
897,Retail,392.47665190957923,311.39478540783864,20.659029296963286
898,Retail,220.01950743904098,191.8547441563057,12.801030058909049
899,Retail,487.5978971235951,332.78616026797636,31.749877874550688
900,Manufacturing,481.7378737425075,470.6216242578796,2.3075307320697793
901,Manufacturing,727.0174614863197,244.4000824465058,66.38318948394272
902,Retail,594.6217526832166,388.500236192393,34.66430811868303
903,Healthcare,346.37197635061926,278.10821246089654,19.708223687421494
904,Services,778.1138849501283,703.2969353098063,9.615167019557463
905,Services,683.155054328803,290.66808040276726,57.4521071664547
906,Hospitality,587.3146555202924,505.0920351710374,13.999756276542305
907,Healthcare,466.0273851725252,320.1118588361841,31.310504699701834
908,Manufacturing,356.08411449147803,205.66976103725526,42.24124226070258
909,Retail,444.168983589342,174.2033063339946,60.779947999463445
910,Hospitality,663.3122929556279,600.766607635344,9.42929687637612
911,Services,782.6879458901914,320.9734747446767,58.99087542741993
912,Manufacturing,731.4865292408283,378.0699109259158,48.31484985536304
913,Manufacturing,426.6725867320589,214.62991019435995,49.69681276262943
914,Retail,332.05738500664836,302.1688413180509,9.001017606640199
915,Services,521.1329370366806,401.7372620988206,22.91079040537715
916,Healthcare,234.73409516557223,201.32602938314412,14.232302196603936
917,Manufacturing,548.4751571277172,260.7053412402807,52.46724708452507
918,Retail,477.8596120551997,352.3793499916398,26.25881302751008
919,Healthcare,430.0945247197637,301.1617292323803,29.977781179937597
920,Services,260.7945399099807,230.27669242928133,11.701873624821026
921,Manufacturing,577.0400159854574,539.1059491006631,6.573905766311768
922,Healthcare,420.0948740507133,129.60336038307327,69.14902599658292
923,Healthcare,324.5124746434568,250.46325271796292,22.81860566588452
924,Healthcare,100.0,33.62850593838103,66.37149406161896
925,Manufacturing,495.87276424240457,339.27667367393457,31.57989344458509
926,Manufacturing,765.8377395004616,383.9473211621499,49.865708966942535
927,Hospitality,749.1888821821805,385.64019702760453,48.525638033450115
928,Services,431.4355615120592,236.02586354281425,45.29290475833504
929,Retail,409.66819094573293,301.06708483899826,26.5095285665273
930,Healthcare,570.3161384112535,304.454702043013,46.61650240318616
931,Hospitality,350.2421841217563,284.7081362844008,18.711066458680374
932,Retail,545.2687849729199,317.983944705971,41.68308300982913
933,Hospitality,614.9120417577035,213.89545670159998,65.2152759783029
934,Manufacturing,684.0399835826461,580.4981439246899,15.136811026112513
935,Healthcare,484.97688852800707,242.50339475076487,49.99691727851059
936,Retail,469.4489374734551,283.0480475031401,39.70631842805162
937,Retail,368.30261198651584,287.2063243885194,22.018928174466897
938,Retail,375.967946894021,200.28538525304035,46.728068999590164
939,Retail,466.028166214771,158.2678065621107,66.03900406972991
940,Retail,555.1048260224267,311.8272122304481,43.825526709103045
941,Hospitality,637.0376939349874,612.2658511923186,3.8885992113987666
942,Healthcare,379.52315739794824,284.34409249091715,25.078592189100934
943,Manufacturing,723.9032853439282,557.431158835273,22.996459593295526
944,Manufacturing,459.33145984361465,341.0983972174936,25.74024924536522
945,Manufacturing,496.7949058477346,218.23926841147528,56.07055027283943
946,Manufacturing,387.9182481278265,229.97101222491844,40.7166295128404
947,Hospitality,136.36396095905877,112.58997603035091,17.434214114567737
948,Services,632.6068094541574,234.67247253660625,62.90389717127886
949,Healthcare,610.526584563865,301.90352984750774,50.55030567372014
950,Retail,457.800866432268,225.88964901690213,50.65766240739025
951,Services,510.0486075837308,307.2600390036953,39.75867506838459
952,Manufacturing,577.3908826556149,569.4564456590919,1.3741881340470532
953,Services,265.61812146701857,92.23636619118312,65.27482173213247
954,Healthcare,420.6420983980558,278.9238618216049,33.69093039335835
955,Retail,619.1397019432741,263.47816761511524,57.44447225914527
956,Retail,311.85658652461257,305.45528780707383,2.052641821317931
957,Healthcare,544.0336898249944,206.35875357038856,62.06875466907751
958,Healthcare,296.51272930648923,172.72480312469588,41.74792983468863
959,Manufacturing,569.9644973650289,465.38712035562946,18.34805106157757
960,Retail,494.65377765537744,392.3534898679329,20.681190038078828
961,Services,257.7302276141736,153.5840317482438,40.408995417424755
962,Hospitality,674.7109031685757,366.0758149809551,45.74330824330973
963,Hospitality,389.8112634802926,225.439027605457,42.16713350129906
964,Healthcare,378.46213444784286,183.55163138159577,51.50066157889525
965,Manufacturing,530.0853795846414,235.21640600432912,55.62669429052403
966,Hospitality,672.2956024143073,429.0105058465573,36.1872211708777
967,Retail,347.6267271532405,169.63267567233643,51.20263707526749
968,Healthcare,509.25197747719574,255.2488881516268,49.877683457192504
969,Services,564.3224750495859,428.7322875855253,24.027075556781003
970,Healthcare,603.9658410894716,590.6641772435161,2.202386781007543
971,Services,526.4662332915838,380.3960922646944,27.745395960843762
972,Healthcare,444.94582413750163,157.45993193167143,64.61143730545236
973,Healthcare,375.86146690269203,132.64471765470498,64.7091470302153
974,Healthcare,512.9215824569562,495.48032755276813,3.400374540810388
975,Services,339.17914820215896,172.3381303779993,49.18964467848666
976,Services,100.0,36.44468902577328,63.55531097422672
977,Healthcare,565.4839706236502,406.7702693927771,28.066878899473302
978,Hospitality,635.5902261629293,468.1466154767001,26.34458551968138
979,Manufacturing,145.56013466872423,109.7455546654724,24.604662591691824
980,Manufacturing,348.5403942935094,169.8024040450988,51.281858049972115
981,Manufacturing,592.8731391507797,184.13304489470025,68.94225210498675
982,Services,808.6243204567547,788.8217242858389,2.448924138186977
983,Services,503.11905615131116,239.29606748551802,52.437486801622825
984,Hospitality,390.79955881562984,302.17341022778135,22.678159836321683
985,Manufacturing,472.565533834274,375.51990532801534,20.535909108490337
986,Manufacturing,706.2314628722277,513.4339402305363,27.299480804435998
987,Healthcare,403.1053731313197,209.22586826942504,48.096482405044625
988,Services,380.12119900246194,186.17096281884923,51.0232622365154
989,Manufacturing,427.58847167269516,307.1657887994737,28.163220210810792
990,Hospitality,357.00070876119315,323.53794116640194,9.373305647181589
991,Hospitality,518.4005473992194,499.07126254040054,3.728638975362303
992,Manufacturing,743.7017687704341,278.24416447182136,62.58659369173697
993,Services,548.4618909674043,223.98088283906483,59.16199711815962
994,Hospitality,462.14697468105686,444.2689951119872,3.8684618851844426
995,Healthcare,456.2283096626684,372.0882484599334,18.442534016564522
996,Hospitality,265.5213786955014,243.77403003254122,8.190432261915888
997,Retail,632.4664665720738,279.45078225826273,55.815715610525984
998,Retail,488.3244204480797,347.350097115509,28.86898902234187
999,Services,472.9280129614061,373.99039252591723,20.92022839077685
1000,Manufacturing,978.966135176729,759.7543933416655,22.392168018711914
